P_GC, P_SC, pore_width, pore_length, pore_area, stoma_length, stoma_width, Vol_GC2, Vol_SC1, Vol_SC2, Vol_GC1, SA_GC2, SA_SC1, SA_SC2, SA_GC1, cost
0, 0, 10.6375, 200, 20.7512, 25.3358, 7.06002, 235.968, 203.903, 292.513, 270.111, 40.8358
0.5, 0, 2.76241, 9.77932, 20.5969, 25.259, 7.68472, 254.002, 218.597, 298.286, 275.104, 39.7088
1, 0, 2.77771, 9.86338, 20.7969, 25.2728, 7.92005, 264.785, 227.224, 304.06, 280.125, 38.9509
